"asin","costo_usd","precio_mxn","fecha","titulo"
"B0BVXQQNBB","27","1225.32","2026-04-11","Miss Mouth's Messy Eater Spray para tratar manchas – Quitamanchas de 16 onzas – Productos esenciales para recién nacidos y bebés – Elimina manchas de alimentos, grasa y café de la ropa, ropa interior"
"B07TDMLFKK","24","1125.28","2026-04-11","TABU, DANA Colonia Spray"
"B0C6MH1Y42","15","825.18","2026-04-11","Flores de lavanda secas, brotes de lavanda seca natural, lavanda seca fragante a granel para cajones y armarios, flores secas al por mayor para jabón, velas, bolsitas, bricolaje (1 libra)"
"B09WDR1YK7","16","858.52","2026-04-11","Cartuchos de tinta para pluma estilográfica Scriveiner - Azul - 20 cartuchos de tinta estándar internacionales, fabricados en Reino Unido, el mejor cartucho para tu pluma Scriveiner, tamaño de recarga"
"B07FPWY1CF","22","1058.59","2026-04-11","Essential Values Limpiador destilador descalcificador - Limpiador de destilador de agua de 2 libras - Ácido cítrico para limpieza en polvo para máquinas de destilación, hervidores - Elimina la"
"B07DRRQQY1","14","791.83","2026-04-11","Bickmore Limpiador de sombreros ligeros espumosos | Elimina la suciedad, el polvo, las huellas dactilares y las manchas de sudor - Ideal para pieles - Sombreros de vaquero de fieltro, sombreros de"
"B07B4M2JN2","31","1358.70","2026-04-11","CSI Central Solutions - Limpiador enzimático múltiple – Limpiador de instrumentos médicos de grado hospitalario para remojo previo y procesamiento manual, 1 galón"
"B0006GBEJ4","6","525.07","2026-04-11","Anbesol Gel Máxima Fuerza – Alivio instantáneo del dolor oral para dolores de muelas, aftas bucales, dolor de encías, dolor de dentadura – 0.33 onzas"
"B07BXLKZMR","30","1325.35","2026-04-11","Blubonic Industries 12% Peróxido de hidrógeno de grado alimentario (H2O2) Oxígeno puro y agua, Quart"
"B0837Z5PBJ","26","1191.97","2026-04-11","Kit de prueba de agua potable 17 en 1, 100 tiras + 2 pruebas de bacterias, prueba de calidad del agua en el hogar, agua de pozo y grifo, fácil prueba de plomo, bacterias, dureza, fluoruro, pH, hierro, cobre y mucho más"
"B0837Z5PBJ","32.99","1425.05","2026-04-11","Kit de prueba de agua potable 17 en 1, 100 tiras + 2 pruebas de bacterias, prueba de calidad del agua en el hogar, agua de pozo y grifo, fácil prueba de plomo, bacterias, dureza, fluoruro, pH, hierro, cobre y mucho más"
"B07TDMLFKK","28.7","1282.00","2026-04-11","TABU, DANA Colonia Spray"
"B07BXLKZMR","30","1325.35","2026-04-11","Blubonic Industries 12% Peróxido de hidrógeno de grado alimentario (H2O2) Oxígeno puro y agua, Quart"
"B000NV6HOE","19.99","991.57","2026-04-11","Traeger Grills Briquetas de madera dura de mezquite PEL305 100 % natural para parrilla, ahumar, hornear, asar, cocinar a fuego lento y hacer a la barbacoa, bolsa de 20 libras"
"B084GHW5DR","21.99","1058.26","2026-04-11","Gorilla Mode - Complemento preentrenamiento, Bombas Masivas, Enfoque Láser,· Energía, Potencia, L-citrulina, creatina, glycerpump™, l-tirosina, agmatina, kanna, citrato de n-fenetil dimetilamina - 617 oz (Sangre de tigre)"
"B0CW6LPMR9","57.99","2258.68","2026-04-11","Kit de árbol bonsái de bricolaje para principiantes, 5 árboles bonzai japoneses únicos, kit completo de inicio de bonsái de interior para cultivar plantas bonsái con herramientas y jardineras, regalos"
"B0DZHDQCT7","19.99","991.57","2026-04-11","Kit de Reparación de Azulejos y Granito/Mármol Globalcom, Kit de Reparación de Encimeras de Porcelana, Piedra y Cuarzo para Astillas, Golpes, Grietas, Agujeros y Arañazos, Repara Bordes y Esquinas"
"B0104NTKFS","41","1692.15","2026-04-11","Resmed Mirage FX Máscara Tamaño del cojín STD por AMT"
"B079ZL7M45","12.99","758.15","2026-04-11","Zep Quitamanchas de Moho y Hongos 1 Galón (Caja de 2) ZUMILDEW128 - Fórmula Profesional sin Refregar"
"B0CZ5S6VY5","19.99","991.57","2026-04-11","Limpiador Interior para Cuero Vegano Blanco y Negro Tesla - Removedor de Manchas - Solución para Limpieza Completa del Interior - Ideal para Asientos, Puertas, Consola, Tablero - Accesorios para Tesla"
"B072JBNB4D","19.99","991.57","2026-04-11","Toallitas limpiadoras de lentes - 400 toallitas de limpieza pre-humedecidas, empacadas individualmente, seguras, para lentes, lentes de sol, pantalla del teléfono, electrónicos y lente de cámara | no deja rayas"
"B07F88LSH8","24.99","1158.29","2026-04-11","Nature's Miracle Removedor de manchas y olores, eliminador de manchas y olores para gatos, aroma a explosión de melón, 1 galón"
"B0837Z5PBJ","32.99","1425.05","2026-04-11","Kit de prueba de agua potable 17 en 1, 100 tiras + 2 pruebas de bacterias, prueba de calidad del agua en el hogar, agua de pozo y grifo, fácil prueba de plomo, bacterias, dureza, fluoruro, pH, hierro, cobre y mucho más"
"B07BXLKZMR","30","1325.35","2026-04-11","Blubonic Industries 12% Peróxido de hidrógeno de grado alimentario (H2O2) Oxígeno puro y agua, Quart"
"B0B6GSJQLG","13.99","791.50","2026-04-11","Snugell AirMini Pro - Conector de manguera compatible con manguera original AirMini y cualquier máscara nasal o facial completa CPAP de 0.866 in - Adaptador para viajes para tubos AirMini - Duradero y fácil de usar"
"B0DBX7JD2L","23.88","1121.28","2026-04-11","Weiman Spray sellador de granito y piedra, protege encimeras de cocina, fregaderos, duchas, tocadores y suelos de manchas, para granito, cuarzo, mármol, azulejos, piedra caliza, pizarra, a base de"
"B07FKRTSJX","29.98","1324.68","2026-04-11","Professional Strength Medical Freeze Spray - aerosol enfriador, se enfría hasta -65°F en segundos, 10oz (283 ml)"
"B001B16T2K","24.99","1158.29","2026-04-11","ZEP HDSWEEP50 Compuesto de barrido de pisos, 50 lb"
"B0CHLCH4CV","19.95","990.23","2026-04-11","Milliard Polvo descalcificador - Solución de limpieza descalcificante para máquina de café y café expreso para uso con Keurig, Breville, Nespresso, Delonghi y más (1 libra, 9 usos)"
"B000C014ZI","8.53","609.43","2026-04-11","Disolvente de 16 oz para óxido gelatinoso naval de Loctite (553472), 1381191"
"B07JQ3NG3P","26.99","1224.98","2026-04-11","Bioda Limpiador de Desagües Enzimático de Fuerza Profesional, Eliminador de Olores de Desagües Seguro para Fosas Sépticas, Eliminador de Olores"
"B086F8FRHT","17.95","923.54","2026-04-11","Tide To Go Toallitas quitamanchas para ropa, removedor instantáneo de manchas y manchas, paquete de 3, (30 toallitas en total)"
"B0CNQ7TG4Y","31.99","1391.71","2026-04-11","Suplemento de Colina Ritual Natal, 550mg, Apoya la función cognitiva del bebé cuando se toma durante el embarazo y el contenido de colina en la leche materna*, Suministro de 30 días"
"B0004JKJS0","899","30302.16","2026-04-11","Seventh Generation - gel detergente lavaplatos, de última intervensión y claro, 42 onzas"
"B000C014ZI","8.53","609.43","2026-04-11","Disolvente de 16 oz para óxido gelatinoso naval de Loctite (553472), 1381191"
"B07JQ3NG3P","26.99","1224.98","2026-04-11","Bioda Limpiador de Desagües Enzimático de Fuerza Profesional, Eliminador de Olores de Desagües Seguro para Fosas Sépticas, Eliminador de Olores"
"B07FKRTSJX","29.98","1324.68","2026-04-11","Professional Strength Medical Freeze Spray - aerosol enfriador, se enfría hasta -65°F en segundos, 10oz (283 ml)"
"B07BXLKZMR","30","1325.35","2026-04-11","Blubonic Industries 12% Peróxido de hidrógeno de grado alimentario (H2O2) Oxígeno puro y agua, Quart"
"B0837Z5PBJ","32.99","1425.05","2026-04-11","Kit de prueba de agua potable 17 en 1, 100 tiras + 2 pruebas de bacterias, prueba de calidad del agua en el hogar, agua de pozo y grifo, fácil prueba de plomo, bacterias, dureza, fluoruro, pH, hierro, cobre y mucho más"
"B08PN5JKTB","9.99","658.12","2026-04-11","IMPRESA Tabletas limpiadoras de tetera, compatibles con los modelos Breville BTM100 y BTM800XL, paquete de 10 unidades, removedor de manchas de cal y té no corrosivo para teteras, teteras eléctricas y"
"B0BQ4X6JBH","17","891.87","2026-04-11","Removedor de manchas durante la noche para limpiar manchas de aceite en concreto, entrada, adoquines y pisos de garaje, blanco, AOD3232301"
"B094YXS9KX","32.99","1425.05","2026-04-11","BRIOTECH Desinfectante Sanitizante Hipoclorito, Elimina el 99.99% de Virus y Bacterias, Controla el Moho, Elimina Olores, Suave para Guarderías y Salas de Juegos, Desinfectante para Superficies de"
"B0DZD7961L","19.99","991.57","2026-04-11","Tesla Limpiador de interiores y removedor de manchas de asiento, seguro para cuero vegano blanco, kit de detalles de automóvil para modelo 3 Y S X Cybertruck - Limpia el salpicadero, la consola, la puerta y los accesorios de tapicería"
"B09C9P65LW","13.49","774.82","2026-04-11","Thirteen Chefs Aceite mineral – Acondicionador de grado alimenticio de 8 onzas para tabla de cortar madera, encimera y bloque de carnicero, lubricante para cuchillo o picadora de carne, acabado USP"
"B07XC6J636","22.5","1075.26","2026-04-11","MONAMI Plus Pen 3000 bolígrafos de punta de fieltro, punta fina (0.016 in), para colorear, dibujar/diario, colores surtidos, paquete de 48"
"B01F6ME4F8","11.98","724.47","2026-04-11","Traeger Grills Briquetas de madera dura de manzano 100 % natural para parrilla, ahumar, hornear, asar, cocinar a fuego lento y hacer a la barbacoa, bolsa de 20 libras"
"B0D3D7T559","20.99","1024.91","2026-04-11","PurifyLogix Recambio de filtro de carbón activado de 1.6 libras para compostadores de residuos de cocina FoodCycler, carbón de repuesto absorbente de olores compatible con Eco 5 FoodCycler Composter"
"B000QFQ90E","10.49","674.79","2026-04-11","Farnam Wonder Dust - Polvo para heridas, coagulante de sangre para caballos y show stock, para uso en carne orgullosa, tejido granulado, 4 onzas"
"B002626OLY","16","858.52","2026-04-11","Kit de limpiador y acondicionador de cuero de la marca Apple, para uso en carteras, bolsos, zapatos, botas y accesorios, seguro en cuero natural y de color"
"B000HBNTGY","11","691.80","2026-04-11","Permatex 80632 Sellador de roscas con PTFE, 4 onzas, blanco"
"B0D4NQJDXL","29.95","1323.68","2026-04-11","Abracadabra Contractor Strength Wonder Cleaner – Como se ve en la televisión – 16 onzas líquidas – Eliminador de suciedad y acumulación – Elimina alquitrán, adhesivos, goma, calcomanías, savia"
"B07LCZ7FK4","75.97","2858.22","2026-04-11","Nutramigen de Fórmula en Polvo Sin Lactosa Ni Leche para Bebés Hipoalergénica de Enfamil - Lata de 27.8 onzas. Omega 3 DHA, Probióticos para Apoyar la Salud Digestiva y el Sistema Inmune, Hierro, Alivio para los Cólicos"
"B07FYTPK5C","12.99","758.15","2026-04-11","GoGo squeeZ Puré de manzana orgánico y puré de fruta, manzana, 3.2 oz (paquete de 12), bocadillos de fruta orgánicos sin azúcar para niños, sin gluten, sin nueces y sin lácteos, tapa que se puede"
"B07CH6QNCV","13","758.49","2026-04-11","VASTOOLS - Martillo de soldadura con mango de resorte helicoidal, 10.5"", cincel cónico y vertical, cepillo de alambre de 10"""
"B0FJQRP15Z","29.99","1325.02","2026-04-11","Removedor de placa de perro para dientes, limpiador de dientes de mascotas con luz LED, kit de limpieza para sarro y manchas, 5 modos ajustables, kit de limpieza de dientes de mascotas"
"B0F2PZLSHT","19.99","991.57","2026-04-11","Kit de reparación de astillas de granito y cuarzo para encimeras, kit de reparación de azulejos y fibra de vidrio de porcelana, kit de reparación de bañera de mármol, 3.7 OZ, para grietas, cerámica"
"B07N6MZ1HG","24","1125.28","2026-04-11","Weiman Limpiador para Pisos de Madera Dura - Recarga de 128 Onzas - Pisos de Madera Ingenierizada Terminados"
"B07Y6GM45Y","13.99","791.50","2026-04-13","MITREAPEL - Pegamento CA con activador (1.7 oz - 6.7 fl oz) Adhesivo cianoacrilato profesional de unión instantánea y acelerador de superpegamento para carpintería, cerámica, impresión 3D, vidrio"
"B0756MDSJX","175.99","6193.39","2026-04-13","Séptima Generación Spray desinfectante, eucalipto y tomillo, desinfectante hecho de aceite esencial, 13,9 oz"
"B0CNL5P9MM","37","1558.77","2026-04-13","Paula's Choice 6% de ácido mandélico + 2% exfoliante de ácido láctico, exfoliante diario suave AHA para decoloración, textura y resplandor, para pieles sensibles, sin fragancia y sin parabenos"
"B087JX3DT1","19.99","991.57","2026-04-13","HOPE'S Pulidor de restauración de encimera, limpiador de encimera de cocina sin rayas, sin acumulación en encimeras, cuarzo, mármol, corio, compuesto y esmalte de granito, 8 onzas líquidas, paquete de"
"B0000AXVG9","54.94","2156.97","2026-04-13","Salt-Away Products Limpiador concentrado."
"B019HZPLH0","51.58","2044.94","2026-04-13","EmPower - Detergente enzimático dual – Limpiador enzimático para equipos médicos y herramientas quirúrgicas, prelimpiador enzimático de baja espuma con proteasa, amilasa y lipasa – Seguro para metal, plástico y vidrio (1 galón)"
"B0B46W5HXP","14.99","824.84","2026-04-13","Paquete de 50 piezas de madera sin terminar, cuadrados de madera contrachapada fina de 4 x 6 pulgadas para manualidades, hojas de madera de tilo sin terminar para adornos de bricolaje, láser, grabado de madera, quema de madera"
"B09K4RKHR9","50.52","2009.59","2026-04-13","Schitt's Creek: The Complete Collection - Seasons 1-6 - DVD Box Set"
"B08WWC1DGZ","69","2625.81","2026-04-13","DOVE MEN + CARE Desodorante en barra para hombres, desodorante sin aluminio, eucalipto+abedul natural derivado de plantas, color gris, 2.6 onzas (paquete de 4)"
"B0CGB215HR","39.99","1658.47","2026-04-13","goPure Crema para apretar y levantar el cuello, clínicamente probada"
"B074F242VQ","27","1225.32","2026-04-13","Green Works - Limpiador para inodoro"
"B0CGB215HR","39.99","1658.47","2026-04-13","goPure Crema para apretar y levantar el cuello, clínicamente probada"
"B074F242VQ","27","1225.32","2026-04-13","Green Works - Limpiador para inodoro"
"B08WJMFS1V","14.48","807.84","2026-04-13","Horbäach Cápsulas vacías tamaño 1 | 1000 pastillas de gelatina | Sin OMG, sin gluten"
"B08WJMFS1V","14.48","807.84","2026-04-13","Horbäach Cápsulas vacías tamaño 1 | 1000 pastillas de gelatina | Sin OMG, sin gluten"
"B0178OVY4Q","11","691.80","2026-04-13","Angelus Compuesto profesional de aceite de visón - 8 oz"
"B086WZR8TM","145.99","5193.04","2026-04-13","KUNDAL Honey & Macadamia - Acondicionador natural coreano para el cuidado del cabello, reparación de daños, hidratación profunda, fragancia de larga duración, con miel, aceite de macadamia, 6.76 onzas"
"B094DSPFGF","19.97","990.90","2026-04-13","Bona Formulación de máquina de limpieza multisuperficie, repuesto de concentrado de limpiador de pisos multisuperficie, para laminado de azulejos de piedra y vinilo LVT/LVP, aroma a menta limón, 64"
"B0178OVY4Q","11","691.80","2026-04-13","Angelus Compuesto profesional de aceite de visón - 8 oz"
"B086WZR8TM","48","1925.56","2026-04-13","KUNDAL Honey & Macadamia - Acondicionador natural coreano para el cuidado del cabello, reparación de daños, hidratación profunda, fragancia de larga duración, con miel, aceite de macadamia, 6.76 onzas"
"B094DSPFGF","19.97","990.90","2026-04-13","Bona Formulación de máquina de limpieza multisuperficie, repuesto de concentrado de limpiador de pisos multisuperficie, para laminado de azulejos de piedra y vinilo LVT/LVP, aroma a menta limón, 64"
"B01N3SU0GK","20.99","1024.91","2026-04-13","Lynk Lubricante de Mano con Bomba de 32 oz a Base de Agua, Gel de Privacidad Sexual de Larga Duración y Fácil Limpieza, Lubricante Compatible con Juguetes Sexuales de Látex y Silicona para Parejas"
"B000C02BAA","20.59","1011.57","2026-04-13","Rust-Oleum 7775502 - Pintura anti-óxido para aplicación con brocha, cuarto de galón, marrón de cuero brillante, (paquete de 1)"
"B0B1GCSKY6","26.98","1224.65","2026-04-13","RMR - Limpiador de tinas y azulejos, removedor de manchas de moho y moho, resistente a la industria, limpiador de espuma sin triturar, aroma moderno de huerto, 32 onzas líquidas"
"B0B9V9L8BJ","44.99","1825.19","2026-04-13","Petra Max Mega Mulch Glue para paisajismo – 32 onzas de pegamento de mantillo barrera de malezas para rocas, paja de pino, guijarros y más – Carpeta de grava para paisajismo sin desorden y solución adhesiva de virutas de madera, se seca transparente"
"B07N782SJH","12.94","756.48","2026-04-13","Monistat Crema instantánea para aliviar la picazón para mujeres, cuidado de la picazón femenina de máxima fuerza, 1 oz, paquete de 2"
"B0DHJ4TY4L","19.99","991.57","2026-04-13","Traeger Grills Signature Blend 100% pellets de madera natural para ahumadores y parrillas de pellets, barbacoa, hornear, asar, bolsa de 18 libras"
"B07Z8H8N6H","16","858.52","2026-04-13","Country Chic Pintura todo en uno estilo tiza para muebles, gabinetes, decoración del hogar, respetuosa con el medio ambiente, acabado mate, imprimación y capa superior incorporadas para madera, metal"
"B008B9IVIA","25","1158.63","2026-04-13","Sal generador de cloro para piscina y spa - 40 libras libras"
"B00EXIVX56","20.13","996.23","2026-04-13","STAR BRITE Eliminador de Manchas de Óxido en Aerosol - Disuelve Instantáneamente las Manchas de Corrosión en Fibra de Vidrio, Vinilo, Tela, Metal y Superficies Pintadas - También Elimina Manchas de"
"B07Y6GV4TW","25.99","1191.64","2026-04-13","MITREAPEL Pegamento CA con Activador (2 x 1.7 oz - 2 x 6.7 fl oz) Adhesivo Cianoacrilato Profesional de Unión Instantánea y Acelerador de Super Pegamento para Carpintería, Cerámica, Impresión 3D"
"B07Y6GV4TW","25.99","1191.64","2026-04-14","MITREAPEL Pegamento CA con Activador (2 x 1.7 oz - 2 x 6.7 fl oz) Adhesivo Cianoacrilato Profesional de Unión Instantánea y Acelerador de Super Pegamento para Carpintería, Cerámica, Impresión 3D"
"B071GV15X9","28","1258.66","2026-04-14","ResMed AirFit P10 Arnés con Clip - Arnés CPAP de Repuesto - Sistema de Marco y Cojín de Almohadas Nasales No Incluidos - Azul"
"B083KMW6LR","36.95","1557.10","2026-04-14","CLEAN MY STEEL Limpiador inoxidable y removedor de óxido concentrado restaura la penetración profunda, acción rápida y fácil de usar (8.5 onzas)"
"B079GRZ81S","18","925.21","2026-04-14","MONAMI Plus Pen 3000 bolígrafos de punta de fieltro, punta fina (0.016 in), para colorear, dibujar/diario, colores surtidos, paquete de 36"
"B083P6JY1K","55.99","2191.99","2026-04-14","Oxygen Plus O+ Biggi 9 Pack | Lata de oxígeno portátil | 99.5% de O2 puro | Suplemento de bienestar natural para aumentar la energía y la recuperación | Más de 50 usos por recipiente de 11 litros"
"B0D5DPT2BB","23.99","1124.95","2026-04-14","Tratamiento único para inodoro de autocaravana Digest-It Ultra, 32 usos, súper concentrado, elimina olores, licua desechos, tratamiento preventivo bioenzimático de tanque de retención de fácil"
"B000BO93RG","15.99","858.19","2026-04-14","STAR BRITE Cinta aislante líquida con tapa aplicadora de cepillo - Adhesión superior y protección flexible para cables deshilachados, terminales y empalmes eléctricos - Transparente 4 fl oz. (084108B)"
"B01C393K2K","26","1191.97","2026-04-14","TotalBoat Desparafinado y lavado con solvente de preparación de superficies"
"B0005XN9HI","11.13","696.13","2026-04-14","Pasta de tomate de Amore, 4.5 onzas"
"B08NHYS79B","8.89","621.44","2026-04-14","COLNK Bolígrafo multicolor 0.5, bolígrafos de colores 4 en 1, punta fina, bolígrafos de regalo para planificador, diario, tinta surtida, 6 unidades"
"B0789CD9ZZ","12","725.14","2026-04-14","Wananfu Schisandra Berry Dried 4oz, bayas Schizandra para té, Wuweizi"
"B09WFTF33K","29.99","1325.02","2026-04-14","EverSmile AlignerFresh Espuma blanqueadora extra – Limpiador compatible con todos los alineadores y retenedores transparentes – Elimina bacterias, blanquea los dientes, combate el mal aliento – 1.7 fl"
"B01G92GN08","9.99","658.12","2026-04-14","Weiman 511D, kit de reparación de madera para muebles y pisos"
"B01L9DVKG4","11","691.80","2026-04-14","Tinta para teñir cuero con aplicador (3 onzas), 3 onzas, Negro"
"B00J5940JE","26","1191.97","2026-04-14","POR-15 Preparación para metal., 1 Cuarto de galón"
"B07H9JDJCW","3.78","451.04","2026-04-14","Zep - Limpiador de ducha, tina y azulejos - 1 galón (caja de 4) ZUSTT128 - Fórmula profesional sin frotar con ácido, rompe la acumulación dura al contacto, revelando resultados extremadamente limpios"
"B0B38DQSR3","11.99","724.81","2026-04-14","Kaco PURE - Bolígrafos de gel de 0.5 mm de punta fina, tinta negra, 10 unidades, escritura suave y de secado rápido, suministros de oficina estéticos, retráctiles recargables con bajo centro de"
"B0C9F6PRN3","11","691.80","2026-04-14","Ocusoft Limpiador de Párpados Original 30 Unidades con 5 Almohadillas Extra Inflation Buster"
"B0FJL9K9CQ","16","858.52","2026-04-14","4 paquetes de cojines nasales de repuesto AirFit N30i P30i con ventilación de exhalación y difusor, filtro de ventilación de múltiples orificios para máscara CPAP N30i y P30i"
"B0FK1SCPN1","65","2492.43","2026-04-14","Pintura para pantalla de proyector, pintura de pantalla de proyector de una sola capa para imagen, perfecta claridad HD 1080 y 4K UHD, ideal para uso en interiores en casa, blanco de teatro"
"B074S858R6","4.05","460.05","2026-04-14","Clorox Removedor de orina para mascotas para manchas y olores, botella de spray, 24 onzas"
"B0D79PSXKW","22","1058.59","2026-04-14","Kit de limpieza de líquidos corporales y paquete de limpieza de vómitos – Cumple con OSHA | Paquete de patógenos transmitidos por la sangre | Kit completo de derrames de primera respuesta | Ideal para escuelas, restaurantes y hogares de jubilación"
"B0CDD5NGK7","18","925.21","2026-04-14","Limpiador de línea de drenaje AC - 2 paquetes / Suministro de 6 meses - Limpia líneas de drenaje de HVAC, limpiador de línea de AC, líneas de condensado, líneas de drenaje de bebidas de fuente y más"
"B00A8LUMB8","185.5","6510.50","2026-04-14","Iguana Rid - Botella de spray manual de plagas lista para usar, 32 onzas"
"B002GWBAUY","9","625.11","2026-04-14","Seventh Generation - Suavizante libre de residuos transparente -- 8 onzas líquidas, el envase puede variar"
"B0CCJZWJ7P","26","1191.97","2026-04-14","Mrs. Meyer Clean Day Paquete Variado de Ambientador para Habitación (Limón Verbena + Geranio + Lavanda)"
"B07W4JDSR3","20.2","998.57","2026-04-14","NOW Foods Solutions, Bamboo Silica Beauty, soporte para cabello, piel y uñas, estandarizado al 70% de sílice, 90 cápsulas vegetales"
"B071CM5Q3J","47","1892.21","2026-04-14","Limpiador de acero inoxidable y lustrador de Weisman"
"B00PZZFVVS","9","625.11","2026-04-14","Clorox® Pool&Spa™ Spa pH Down, Baja el pH en el agua del spa, Seguro para todos los tipos de spa, 22 onzas (Paquete de 1)"
"B01DVFS8NG","74.99","2825.54","2026-04-14","Zero Odor Pro - Eliminador de olores y neutralizador de fuerza comercial, ambientador, desodorante de habitación, espray de gatillo eliminador de olores más fuerte, repuesto de 128 onzas"
"B0B3F82DHH","17.97","924.21","2026-04-14","Jungle Powders Polvo de manzana liofilizado Bolsa de 3.5 onzas para hornear pectina de manzana en polvo sin azúcar Extracto de manzana entero concentrado de cáscara de fruta saborizante"
"B094NWRPGY","26.98","1224.65","2026-04-14","Calyptus Concentrado de aceite de naranja | Diluye a 16 galones | 85% D-limoneno | Aceite concentrado de naranja prensado en frío | Poder cítrico | Fabricado en Estados Unidos | 1 cuarto de galón"
"B08L6MJF4K","19.99","991.57","2026-04-14","Naturevibe Botanicals - Aceite de brócoli, 100% puro y natural, ideal para el cuidado de la piel y el cuidado del cabello, 32 onzas"
"B072BWR7J3","24.95","1156.96","2026-04-14","Archoil AR6400-D Limpiador de sistema de combustible diésel - Limpia inyectores, turbo, DPF y EGR"
"B0BZT91Y6Q","14","791.83","2026-04-14","Clorox® Pool&Spa™ Antiespuma para agua de spa, elimina y previene la espuma en el agua del spa, reduce la irritación, 1 cuarto de galón (Paquete de 1)"
"B0DW45N11C","9.99","658.12","2026-04-14","Pegamento de libro de 8.18 onzas, adhesivo neutro de PVA PH, sin ácidos, multiusos, se seca transparente y permanece flexible, se utiliza para encuadernación y reparación, enmarcado, collages, arte de"
"B09RX2C2YB","39.76","1650.80","2026-04-14","Living proof Champú Día Cabello Perfecto"
"B0727L147Z","29.99","1325.02","2026-04-14","goPure Suero de ácido hialurónico - Suero facial para piel brillante con vitamina C y E, y té verde, suero antienvejecimiento para mejorar visiblemente la piel seca y arrugada - 1 onza líquida"
"B0167GAN0M","16.99","891.53","2026-04-14","Bickmore Exotic – Aerosol especialmente formulado, utilizado para limpiar, pulir y proteger pieles exóticas y piel de reptil."
"B07THC4JQX","34","1458.73","2026-04-14","Sellador de piso resistente al óxido Zep - 1 galón (Caja de 2) ECZUFSLR1282 - Duradero, de larga duración, mejora el brillo, la longevidad del pulido y la resistencia a las manchas en vinilo (VCT"
"B000IT6VKQ","40","1658.80","2026-04-14","Dana Chantilly Eau De Toilette Spray (Mujeres) 3.5 Fl Oz"
"B00B3I2NWG","37","1558.77","2026-04-14","POR-15 Sellador de tanque de combustible, detiene el óxido, la corrosión y las fugas, sella microporos y costuras, película no porosa y flexible, 16 onzas"
"B0DNPYZ6RJ","1699.99","57011.17","2026-04-14","Máquina de limpieza de bolas de billar Anillo de lana 16 Limpiador de bolas de billar Círculo de lana 1 hoja de limpiador de fieltro de larga vida útil para máquina de limpieza de bolas de piscina Recambios de repuesto"
"B004QU76TS","10.98","691.13","2026-04-14","Traeger Grills Briquetas de madera dura de pecana PEL314 100 % natural para parrilla, ahumar, hornear, asar, cocinar a fuego lento y hacer a la barbacoa, bolsa de 20 libras"
"B073HMPNWL","30.77","1351.03","2026-04-14","Clorox Blanqueador sin salpicaduras, regular, 2 paquetes de 55 onzas líquidas cada uno/110 onzas en total, Real Bleach Made Simple"
"B0DJVFN426","24","1125.28","2026-04-14","Geiserailie 200 vendajes de presión XL para pacientes de diálisis 2.83 x 1.18 pulgadas, vendaje adhesivo a presión impermeable para el cuidado de heridas, almohadilla absorbente, piel fina, personas"
"B0C1M8L1GF","19","958.56","2026-04-14","Brazalete de presión arterial HCS, manual - Puños BP para adultos - Monitor manual de presión arterial - Esfigmomanómetro aneroide - Grado médico, uso doméstico, cuidado de ancianos - con estuche de transporte"
"B07KNC42N6","21.71","1048.92","2026-04-14","MR. LEATHER Limpiador y acondicionador de cuero para automóviles, tapicería, equipaje de cuero y bolsas (paquete de 2)"
"B011J79PNK","69.95","2657.48","2026-04-14","Estimulador Muscular iReliev con combinación TENS y EMS para alivio de dolor"
"B000R32F6M","5.36","503.73","2026-04-14","Harney & Sons Té descafeinado, gran idea de regalo, vainilla Comoro, lata de 1.4 oz (40 g) (20 sobres)"
"B0013CNOMU","16","858.52","2026-04-14","Clorox Commercial Solutions - Bomba de gel para manos, 16.9 onzas, líquido para uso profesional, mantiene las manos limpias"
"B0DFM1YJ6K","35","1492.08","2026-04-14","10 piezas de rodajas de madera de Paulownia natural de 8-9 pulgadas, rodajas de madera para centros de mesa y decoraciones de mesa, rondas sin terminar para manualidades, para proyectos de decoración"
"B09FQZF8D6","12.95","756.82","2026-04-14","Pre de Provence - Barra de jabón artesanal, cuidado natural de la piel francés, enriquecida con manteca de karité orgánica, cuadri-molida para una espuma rica, suave y hidratante, vainilla coñac, 5.3"
"B08ZT1NJ99","29.99","1325.02","2026-04-14","OdoBan Dive No-Rinse - Limpiador concentrado para trajes de neopreno, 1 galón"
"B07W9HX3MV","26.99","1224.98","2026-04-14","Calyptus Vinagre súper concentrado 45% puro | Diluye a 9 galones | 9 x vinagre concentrado de potencia | 1 galón"
"B097VWFRDZ","58","2259.01","2026-04-14","DevaCurl Gel Ultra Defining Strong Hold No-Crunch Styler | Fórmula no descamada | Antiadherente"
"B09LMTXXH4","91","3359.40","2026-04-14","Orangina - Bebida de jugo espumoso de cítricos (18 botellas en total) - Pulpa ligera - Receta francesa europea importada original - Sin ingredientes artificiales - (3 paquetes de 6 botellas) (botella"
"B0FC2W4PYP","23.99","1124.95","2026-04-14","Limpiador ultrasónico de retenedor, limpiador ultrasónico de 45 kHz, limpieza de 360° para dentaduras, alineador, protector bucal, joyas, frenos, cabezales de cepillo de dientes con cápsula de limpieza dental de 6.8 fl oz, 3 modos, blanco"
"B08CXDRVFQ","11","691.80","2026-04-14","Furniture Clinic Tinte para Madera | Roble Natural | A Base de Agua | Secado Rápido, Bajo Olor y No Tóxico | para Muebles de Interior y Exterior y Más | Múltiples Acabados | (8.5oz / 250ml)"
"B07TFKZD6L","32","1392.04","2026-04-14","Wall Wash con Biosolv, limpiador multiusos y quitagrasas para paredes y daños por humo, limpiador para superficies duras, botella de 1 galón"
"B07WPF4KDX","34.7","1482.07","2026-04-14","Polvo de zeolita | 3 veces activado | 0.55 libras 8.82 oz | Ultra fino menos de 2 µm | Clinoptilolita 94+-3% | Polvo mineral natural | Heiltropfen"
"B00TS4WB0Q","45.55","1843.86","2026-04-14","Liquid Fence - Repelente de conejos y ciervos."
"B0BLWHGGTQ","18","925.21","2026-04-14","Colgate Total Active Prevention Clean Mint pasta dental, pasta dental anticavidades con flúor, fórmula clínicamente probada que combate las bacterias de la placa, menta, paquete de 4, 5.1 oz"
"B0CDD82YLV","29.95","1323.68","2026-04-14","Nuevo kit de prueba de agua potable 20 en 1 con 120 tiras, kit de prueba de agua para grifo y pozo en el hogar para dureza, plomo, hierro, cobre, cloro, fluoruro"
"B07MTJML7F","30.97","1357.69","2026-04-14","Chomps. Palitos de carne Chomplings."
"B0192AGZ1Q","19.99","991.57","2026-04-14","Carbon Klean Peeps - Limpiador de lentes de gafas, tecnología de microfibra de carbono eficiente y duradera, utilizada exclusivamente por la NASA, 500 usos (Azul inyectado)"
"B07JWVR1PK","21.45","1040.25","2026-04-14","Colgate Total pasta dental para blanquear dientes, 10 beneficios incluyendo alivio de la sensibilidad, menta blanqueadora, 4.8 oz (paquete de 4)"
"B08XRSRCCL","5.99","524.74","2026-04-14","Unstopables Touch - Spray de tela y lucha contra olores, Fresh & Paradise, 16.9 onzas, paquete de 2"
"B08YPBMMB7","18.25","933.55","2026-04-14","SONO Toallitas de manos desinfectantes sin alcohol con bergamota y aceite esencial de aloe - Desinfectante de grado hospitalario - Tamaño de viaje envuelto individualmente - 6 paquetes de 20 -"
"B01BY6DOEW","8.99","624.77","2026-04-14","Akfix - Pegamento CA Adhesivo Rápido GA055 705 (0.7 oz.) con Activador (3.38 fl oz.) [Adhesivo Super Pegamento Claro y Aerosol Acelerador]"
"B0FXMZV1GM","15.99","858.19","2026-04-14","Edición oficial de la Copa Mundial de la FIFA 2026 de 2.75 pulgadas de vinilo en relieve 2D y calcomanía de 2.75 pulgadas de largo WE ARE 26 - Edición limitada en producción de coleccionistas"
"B000SA9AZ8","20.59","1011.57","2026-04-14","Rust-Oleum 7738502 - Pintura antióxido para aplicación con brocha, cuarto de galón, verde cazador brillante, (paquete de 1)"
"B075Y448X8","25","1158.63","2026-04-14","TurFresh BioS+ Eliminador de olores de mascotas de césped artificial – Concentrado de enzima para orina de perro y heces para césped artificial, perreras y superficies al aire libre – Seguro para"
"B0B15SP7WZ","60","2325.70","2026-04-14","Frog @Ease - Cartucho de cloro de repuesto SmartChlor en línea, paquete de 3 unidades de hasta 600 galones; desinfectante para bañera de hidromasaje sin ácido cianúrico"
"B084GP8J43","17.55","910.20","2026-04-14","MRS. MEYER'S CLEAN DAY Desinfectante Antibacterial de Manos en Aerosol, Tamaño de Viaje, Elimina el 99.9% de las Bacterias, Lavanda, 2 oz - Paquete de 4"
"B07RJC4D6F","31.97","1391.04","2026-04-14","MagicEzy Tile RepairEzy (Negro/Blanco) - Kit de Reparación de Suelos Laminados - Kit de Reparación de Azulejos Cerámicos - Kit de Reparación de Azulejos de Baño - Relleno de Grietas - Porcelana Gris"
"B000FXSLC6","21.99","1058.26","2026-04-14","Trade Secret Corrector de arañazos de madera clara, removedor de arañazos para muebles y pisos de madera real, cubre rasguños, rasguños y perros, arañazos de gatos, marcas, defectos menores"
"B005EJBNCQ","28.26","1267.33","2026-04-14","Jacuzzi Sistemas de baño de hidromasaje limpio,"
"B0FWN7HJ5N","9.07","627.44","2026-04-14","MRS. MEYER'S Clean Day - Ambientador de tela, aroma a madera de abedul, botella de 20 onzas"
"B0C7J25MVB","19.99","991.57","2026-04-14","CeraVe Crema Espumosa Limpiadora para el Acné, Limpiador Suave para Rostro y Cuerpo con Peróxido de Benzoilo al 10%, Ácido Hialurónico y Niacinamida, Tratamiento con Peróxido de Benzoilo al 10% que"
"B077S4YYGM","33","1425.38","2026-04-14","VIREX CBD540557 Limpiador desinfectante multiusos – Mata el 99.9% de los gérmenes y elimina los olores, recarga líquida lista para usar, aroma a limón, 1 galón (paquete de 2)"
"B01NBW2W2J","14.99","824.84","2026-04-14","Essential Values Tabletas descalcificantes (12 unidades/hasta 12 usos) para máquinas de café expreso Jura, Miele, Bosch, Tassimo Espresso y hornos de vapor Miele (1 paquete)"
"B0888ST8ZS","34","1458.73","2026-04-14","Nozin® Nasal Sanitizer® Antiséptico Popswab® Ampules Paquete de 10 unidades | Mata el 99.99% de los gérmenes | A base de alcohol 62%"
"B000QWDYQY","6.89","554.75","2026-04-15","Maranatha mantequilla de cacahuate orgánica, cremosa, de 16 onzas"
"B07T39WF6C","11","691.80","2026-04-15","Aunt Fannie´s - Vinagre de limpieza multiusos, 16.9 onzas / 500 ml.; limpiador multiusos en espray para superficies"
"B00N9I63PG","39.99","1658.47","2026-04-15","Greater Goods Monitor de presión arterial - Kit completo de máquina de presión arterial con adaptador de pared y brazalete de confort premium, diseñado en St. Louis"
"B08DHQPN56","24","1125.28","2026-04-15","Rust-Oleum 7775730-6PK - Pintura anti-óxido para aplicación con brocha, media pinta, marrón de cuero brillante, paquete de 6"
"B08HZXDTJC","22.16","1063.93","2026-04-17","Seventh Generation Limpiador Multiusos, Fórmula Biodegradable, Transparente, 23 oz (Paquete de 4)"
"B0073LGECW","22.99","1091.60","2026-04-17","Molly's Suds Detergente en polvo original para ropa | Detergente limpio para ropa en polvo para pieles sensibles | Ingredientes simples y eficaces, lucha contra las manchas | 120 cargas (menta)"
"B091ZFDPDS","29.98","1324.68","2026-04-17","Kit de limpieza de discos de vinilo Collector Protector - Limpiador de vinilo para discos, incluye cepillo de limpieza de discos de terciopelo suave y fibra de carbono, solución limpiadora de discos"
"B07BGLS6W1","27.95","1256.99","2026-04-17","Scotchgard Sun and Water Shield, repele el agua, 10.5 onzas líquidas (2 latas)"
"B00VK5SG46","25","1158.63","2026-04-17","Ideas de regalos de Burt's Bees - Set clásicos, 6 productos en lata de regalo – Crema para cutículas, bálsamo para manos, bálsamo labial, ungüento Res-Q, reparación para manos y crema para pies"
"B072KFTKJZ","20","991.90","2026-04-17","Bona PowerPlus - Recambio de limpiador profundo para pisos de madera dura, 128 onzas líquidas, repuesto para trapeadores Bona y botellas de spray, solución de limpieza de suelos sin residuos para"
"B08DG3GT9F","26.97","1224.31","2026-04-17","EVEO Vinyl Record Cleaning Kit - 4-in-1 Premium Vinyl Record Cleaner & Vinyl Cleaning Kit with Velvet Brush, Vinyl Cleaner Liquid, Duster & Turntable Stylus Gel"
"B00PKLJ5K0","36.95","1557.10","2026-04-17","Spray congelante medicinal Max Pro, 1 Unidad, 1"
"B000NV87FG","24.48","1141.29","2026-04-17","Champú para mascotas White On White de Chris Christensen de 16 onzas"
"B079G3H5XV","13","758.49","2026-04-17","CLOUT Guard - Repelente de agua y manchas de alta calidad, impermeable y protege gamuza, cuero, nobuck, tela, nailon, poliéster y más, protector de cabeza de tenis para todos los tenis, zapatos, botas y accesorios"
"B0CNKP36BX","49.99","1991.92","2026-04-17","Bsyzyani Pistola de Juguete de Balas Suaves Lanzadores de Dardos de Espuma Escopeta con Expulsión de Casquillos Regalos Geniales para Niños de 8+ 9 10 11 12 Años Juego de Tiro con Mira Rifle de"
"B075PNP4VV","39.95","1657.13","2026-04-17","protectME - Spray protector de tela y resistente a las manchas - Spray para tela de tapicería para protección contra manchas para alfombras, zapatos, sofá, sillón - Protector de muebles a base de agua"
"B01I3MWIKG","23.99","1124.95","2026-04-17","Waterdrop 469690 ADQ36006101 Filtro de agua para refrigerador, repuesto para LG® LT700P®, Kenmore 469690, 9690, ADQ36006102, estándar, paquete de 4"
"B0091DS0UY","29.94","1323.35","2026-04-17","Seventh Generation - Detergente líquido concentrado para lavandería Free & Clear, sin fragancia, 40 onzas líquidas (paquete de 2)"
"B00FOKOKO8","29.95","1323.68","2026-04-17","Furniture Clinic - Bálsamo de cuero para recolorar, 16 colores, kit de reparación de cuero para muebles, sofás, asientos de automóvil y más, tinte para cuero rayado y desteñido (gris oscuro)"
"B001CS6HH4","7.89","588.09","2026-04-17","Fiebing – Jabón para silla de montar, 3.5 oz, amarillo"
"B08DNG8XQZ","22.88","1087.93","2026-04-17","RESHOEVN8R Solución de limpieza de zapatos, 8 onzas – Limpiador de zapatos y cuidado de zapatos para zapatos de lona, cuero, malla, gamuza, blanco y nobuck – Kit de zapatos limpiador de zapatos en botella fácil de usar – 60-100 usos"
"B078WS3QQM","27.14","1229.98","2026-04-17","BUSH'S BEST Frijoles horneados enlatados de 16 onzas, fuente de proteína y fibra a base de plantas, bajos en grasa, sin gluten, (paquete de 12)"
"B079TB2Y9V","21.99","1058.26","2026-04-17","Tiza comestible, Tiza Belgorod 8 Oz, (8.82 oz.) tiza natural, tiza, tiza para comer"
"B07WNJJVKN","29.99","1325.02","2026-04-17","Kits de prueba de agua potable SJ WAVE 16 en 1 - 100 tiras (10 tiras por sobre) Kits de prueba de agua para agua potable, grifo casero y agua de pozo, kit de prueba de pH, dureza, plomo, hierro, cobre"
"B00EQ89RYW","66.98","2558.45","2026-04-17","Seal-Once 7614, impermeabilizante total de madera blanco marinero, lata de 1 galón"
"B08QSBZP5X","23.19","1098.27","2026-04-17","Calyptus Vinagre súper concentrado 30% puro | Diluye a 6 galones | 6 x vinagre concentrado de potencia | 1 galón"
"B07GL5MP2X","12.98","757.82","2026-04-17","99112849 Dispensador inteligente para estanque y piedra, 12 onzas, negro"
"B0B8GCY712","22.49","1074.93","2026-04-17","Starbond Super Fast Thin Premium Instant CA (adhesivo de cianoacrilato) Super Glue Plus Extra Cap y micropuntas, (para torneado de madera, torneado de bolígrafos, hobby, estabilización, acabado, incrustaciones) (4 onzas)"
"B00FOKOKRA","29.95","1323.68","2026-04-17","Furniture Clinic - Bálsamo de cuero para recolorar, 16 colores, kit de reparación de cuero para muebles, sofás, asientos de automóvil y más, tinte para cuero rayado y desteñido (crema)"
"B00W1QTLZG","15.49","841.51","2026-04-17","Natural Dog Company Champú de avena para perros con piel sensible, champú ideal para perros antipicazón y champú para cachorros, champú hipoalergénico para mascotas, desodorante y orgánico, 12 onzas"
"B00B7D92OE","22","1058.59","2026-04-17","McKesson Limpiador sin enjuague perineal, botella de repuesto de 1 galón, # 53-28011 - Limpiador de piel Peri Wash (anteriormente marca REPAR)"
"B079C797VR","21.49","1041.58","2026-04-17","Skout's Honor Champú probiótico para mascotas (Honeysuckle) para una piel y pelaje más saludables"
"B08L6RN4PP","64.05","2460.75","2026-04-17","Rust-Oleum 367597 - Kit de revestimiento de suelo para interiores del hogar, negro mate, 1 cuarto de galón (paquete de 2)"
"B077DR33TN","29.99","1325.02","2026-04-17","Bickmore Exotic 8oz (paquete de 2) – Spray de cuero especialmente formulado que se utiliza para limpiar el esmalte y proteger pieles exóticas y reptiles"
"B071LCB15G","9.97","657.45","2026-04-17","Traeger Grills SPC173 Prime Rib Rub con romero y ajo"
"B003DKYZQ4","35.99","1525.09","2026-04-17","Tried & True Acabado Original para Madera, Pinta - Mezcla de Aceite de Linaza y Cera de Abeja, Ideal para Toda Carpintería, Durabilidad de Larga Duración, Sellador Apto para Alimentos, Acabado para"
"B000VZOQXG","18.99","958.22","2026-04-17","Traeger Grills Briquetas de madera dura de cerezo PEL309 100 % natural para parrilla, ahumar, hornear, asar, cocinar a fuego lento y hacer a la barbacoa, bolsa de 20 libras"
"B0D5MFG4GG","64.99","2492.09","2026-04-17","Pegamento de roca, carpeta de grava de 1 galón 99% más fuerte para grava de guisantes, guijarros y piedras, deja de cambiar, reduce el desorden, sujeción fuerte para patios, pasarelas de jardín, pegamento de mantillo seguro para mascotas para paisajismo"
"B09P4L33SW","32.99","1425.05","2026-04-17","Heinz Baked Beans 14.64 oz 12 unidades (Inglaterra) por Heinz"
"B08CR37VXQ","15.99","858.19","2026-04-17","GELIVABLE Limpiador de Moho y Hongos en Gel Limpiador Doméstico para Azulejos de Pared Lechada Sellador Limpieza de Baño Hogar Cocina Limpieza de Fregaderos - 8 Fl.Oz (Paquete de 1)"
"B01BY6DOEW","8.99","624.77","2026-04-17","Akfix - Pegamento CA Adhesivo Rápido GA055 705 (0.7 oz.) con Activador (3.38 fl oz.) [Adhesivo Super Pegamento Claro y Aerosol Acelerador]"
"B0FG4XDRGJ","19","958.56","2026-04-17","Aceite esencial para control de plagas de plagas, repelente de canela natural para serpientes, mapaches, lagartos, ranas, murciélagos, ciervos, no tóxico, seguro para niños, mascotas, plantas, uso en"
"B079C634XK","21.49","1041.58","2026-04-18","Skout's Honor Champú y acondicionador probiótico para perros con aceite de aguacate y omega-3, 97% natural, sin parabenos ni sulfatos, libre de crueldad, 16 onzas, madreselva"
"B00B0YBNZG","22.95","1090.27","2026-04-18","NOW Foods - Complejo de sílice vegetariano 500 mg. - 180 Tabletas"
"B073BKYMCK","17","891.87","2026-04-18","Limpiador y pulidor de acero inoxidable Weiman - Protege los electrodomésticos de las huellas dactilares y deja un brillo sin manchas para refrigerador, lavavajillas, horno y parrilla, suministros de"
"B0G2GX32SJ","7","558.42","2026-04-18","Gel de reparación de cicatrices de tatuaje, 30 unidades de ungüento de vitamina A y D, gel de reparación de cicatrices, ungüento para cuidado posterior del tatuaje, crema para arte corporal, maquillaje permanente, suministros de tatuaje de microblading"
"B00Y2MAE9O","39.99","1658.47","2026-04-18","PURA VIDA MORINGA Cápsulas de polvo de Moringa de origen único orgánico. Hoja pura de Moringa. Energía, metabolismo y apoyo inmunológico. 120 unidades. Cápsulas de 500 mg."
"B01MRJOVWJ","65","2492.43","2026-04-18","Chemical Guys Protector y acentuador de brillo, para retoques, de 4 onzas líquidas."
"B0141AV2FQ","26","1191.97","2026-04-18","Aceite Prensado en Frío Naranja Puro concentrado – 32 oz (d-Limonene)"
"B0CGJ8VY1Y","29.99","1325.02","2026-04-18","goPure Suero dramáticamente húmedo de ácido hialurónico - Suero de ácido hialurónico para la cara en una fórmula nutritiva con aloe vera y extracto de hibisco para una piel visiblemente hidratada y de aspecto más suave - 1 onza líquida"
"B0FT9GY34C","19","958.56","2026-04-18","Clorox Blanqueador Desinfectante Regular, Paquete de 2 Blanqueador Líquido Concentrado, Elimina Moho, Hongos y Manchas, Blanquea, para Limpieza Multiusos y Lavandería, Botellas de 24 oz"
"B01MTMVMIA","43","1758.84","2026-04-18","Marmite 21.16 oz bañera (paquete de 2)"
"B071PCD3NQ","26.79","1218.31","2026-04-18","Clorox Clean-Up Blanqueador en Aerosol Limpiador Paquete de Valor"
"B0046VJ906","37","1558.77","2026-04-18","Liquid Fence - Repelente de conejos y ciervos."
"B01CC83YAK","29.97","1324.35","2026-04-18","Waterdrop EDR4RXD1 Repuesto para filtro EveryDrop® 4, Whirlpool® UKF8001, 4396395, Maytag® UKF8001AXX-200, UKF8001AXX-750, WD-F07, filtro de agua para refrigerador, 3 filtros (el paquete puede variar)"
"B0027E0REQ","28.26","1267.33","2026-04-18","Jacuzzi Systems Cleaner - Solución de limpieza de bañera de 2 pasos, paquete de 5 por paso, limpiador de bañera eficaz para chorros, fórmula de limpieza profunda para una experiencia de baño limpia y"
"B0D9HYCV6B","39.99","1658.47","2026-04-18","Best Naturals Aceite de neem 100% puro, 100% prensado en frío y sin refinar, 68 oz (67.6 fl oz)"
"B07L58T3SR","23.88","1121.28","2026-04-18","Zim’s Max-Freeze Pro Fórmula Roll-on, 3 unidades"
"B01K1ZPEG8","23","1091.94","2026-04-18","Biokleen Bac-Out - Spray limpiador de alfombras, removedor de manchas y eliminador de olores, uso en alfombras de área, tapicería y más, elimina la suciedad, manchas de mascotas, vino y alimentos"
"B07W9HX3MV","26.99","1224.98","2026-04-18","Calyptus Vinagre súper concentrado 45% puro | Diluye a 9 galones | 9 x vinagre concentrado de potencia | 1 galón"
"B0DD5LZCK5","39","1625.46","2026-04-18","Nature's Freedom 45% de vinagre (2 galones)"
"B01L0GA32W","9","625.11","2026-04-18","Traeger Grills SPC251 Condimento para Costilla de Primera Calidad con Romero y Ajo"
"B000B6I54G","15","825.18","2026-04-18","Absorbine - Linimento veterinario en gel, frotación analgésica tópica para el alivio del dolor muscular, dolor de articulaciones y artritis, presentación de 12 onzas"
"B07WP7Q5BF","74.4","2805.87","2026-04-18","Onnit Alpha Brain (90 ct) – Más de 1 millón de botellas vendidas – Suplemento cerebral nootrópico premium – enfoque, concentración y memoria – Alpha GPC, L Theanine & Bacopa Monnieri"
"B07QQ3M74T","23.91","1122.28","2026-04-18","Miss Mouth's Messy Eater - Spray para tratar manchas, paquete de 3 quitamanchas de 4 onzas, esenciales para recién nacidos y bebés, sin alimentos de limpieza en seco, grasa, café de lavandería, ropa"
"B07SC2LDB2","54","2125.63","2026-04-18","Dreft Blissfuls - Perlas potenciadoras de aroma de lavandería para lavadora, Baby Fresh, 10 onzas, 4 unidades"
"B0DNF2QD4S","12.99","758.15","2026-04-18","Onyx Professional Crema de fortalecimiento de uñas Hard As Hoof, sin fragancia - Crema para el crecimiento y acondicionamiento de uñas que detiene divisiones, roturas, grietas y fortalece las uñas, 1"
"B07L1YYCPG","24.99","1158.29","2026-04-18","Nature's Miracle Removedor de manchas y olores, aroma a lavanda, 128 onzas líquidas"
"B08JLYB134","29.98","1324.68","2026-04-18","GLACIER FRESH Repuesto para filtro de agua para máquina de hielo 7012333, compatible con filtro de agua Sub-Zero 7012333, Manitowoc K00374 (paquete de 1)"
"B00N9I63PG","69.95","2657.48","2026-04-18","Greater Goods Monitor de presión arterial - Kit completo de máquina de presión arterial con adaptador de pared y brazalete de confort premium, diseñado en St. Louis"
"B00MU73UKS","18.99","958.22","2026-04-18","Polvo de girasol lecitina Now Foods, 1 libra, paquete de de 1, 1, 1"
"B01C5QS1T8","49.98","1991.58","2026-04-18","iHealth Track Smart Monitor de presión arterial de brazo superior con manguito de amplio rango que se adapta a brazos de adulto estándar a grandes, compatible con Bluetooth para dispositivos iOS y"
"B00J75IU6A","31.98","1391.37","2026-04-18","Black Diamond limpiador de pisos de mármol y mosaico Ideal para cerámica, porcelana, granito, piedra natural, vinilo y linóleo. concentrado sin enjuague, 100"
"B000I1QA6E","35","1492.08","2026-04-18","Hope's 100% puro aceite de Tung, resistente a la humedad, acabado de madera para todos los muebles de madera fina y antigüedades – 32 onzas"
"B0822M8HZJ","17.97","924.21","2026-04-18","MRS. MEYER'S CLEAN DAY Spray limpiador multiusos, peonía, 16 onzas líquidas, paquete de 3"
"B0822M63Q7","19.93","989.57","2026-04-18","Mrs. Meyer's Clean Day - Limpiador concentrado multisuperficie, se usa para limpiar suelos, azulejos y encimeras. Aroma de madreselva, 32 onzas, 2 piezas"
"B000RMD4KE","57.16","2231.00","2026-04-18","MDF Tromner, Martillo de reflejos con pincel integrado para respuestas cutánea y superficial, rojo (MDF555 – 02), MDF55511, 1, 1"
"B08LBFNQBP","22.99","1091.60","2026-04-18","Tectra Paquete de 2 baterías LI-90B LI-92B y cargador dual LED para Olympus Tough TG-7, TG-6, TG-1 iHS, TG-2 iHS, TG-3, TG-4, TG-5, TG-Tracker, SH50 iHS, SH60, XZ-2 iHS"
"B000HHQ9KG","15.99","858.19","2026-04-18","Farnam Vita Flex Pro - Suplemento y respuesta para potros, cuidado inmediato, pasta de calostro de 1.05 onzas"
"B07DNH3Z7Q","29.99","1325.02","2026-04-18","Weiman Combo de limpiador de pisos de madera dura y restaurador de pulido, paquete de 2, piso de madera dura de alto tráfico, brillo natural, elimina arañazos, deja capa protectora"
"B00N1A2JM8","19.95","990.23","2026-04-18","Nutricost - Malato de L-Citrulina (2:1) en polvo (300 gramos)"
"B0000YRT1Y","13","758.49","2026-04-18","Pulidor de platería Hagerty Silversmiths, limpiador profesional de plata y removedor de manchas para joyería, cubiertos, oro y más, certificado Kosher, fabricado en Estados Unidos, 8 fl oz"
"B079JX3J4W","34.99","1491.74","2026-04-18","Vive Rodillera de compresión de gel frío y caliente, correa de soporte térmico para dolor de artritis, tendinitis, ACL, lesiones atléticas, osteoartritis, mujeres, hombres, correr, meniscos y cirugía"
"B0145NIIH4","15","825.18","2026-04-18","Murphy Jabón de Aceite, Fórmula Original 16 fl oz (473 ml) - Paquete de 2"
"B07DYT7NQK","35.99","1525.09","2026-04-18","Caswell-Massey Set de regalo de jabón en barra para hombres - 2571, Woodgrain y sándalo - Barras hidratantes de lavado corporal de triple fresado para todo tipo de piel, fórmula a base de plantas y"
"B009QC29OS","19.99","991.57","2026-04-18","Telescópico Babinski martillo"
"B088P546TY","39","1625.46","2026-04-18","Greater Goods Estetoscopio de doble cabeza: grado clínico, ligero, sonido de alta precisión, ideal para médicos, enfermeras, estudiantes y profesionales médicos, elegible para FSA y HSA (blanco)"
"B0CJ2TMKG7","15.99","858.19","2026-04-18","200 unidades de toallitas para lentes de gafas, toallitas limpiadoras de lentes de gafas prehumedecidas envueltas individualmente libres de rayones y sin dejar marcas para lentes de sol, lentes de"
"B0BTKKJLLS","27.24","1233.32","2026-04-18","Tide PODS - Cápsulas de detergente para lavandería, libres y suaves, 112 unidades, Tide PODS Detergente para lavar la ropa en cápsulas"
"B0C913XXP1","19","958.56","2026-04-18","Tabletas descalcificadoras para cafetera, 24 unidades, compatibles con Nespresso, Keurig, Ninja, Delonghi, Miele, cafetera, descalcificación y pestañas de limpieza, máquinas de café y café espresso"
"B01MECSGOU","23.75","1116.94","2026-04-18","Seventh Generation Paquetes de detergente para lavavajillas para platos brillantes, pastillas de lavavajillas libres y claras (72 unidades)"
"B0D5DRKJLK","17","891.87","2026-04-21","Cojín de repuesto N20 – Compatible con AirFit y AirTouch CPAP máscara nasal – suave, ajuste cómodo, comodidad premium, cubre la nariz, material duradero (mediano)"
"B07L84K8T4","17.99","924.88","2026-04-21","Toallitas de limpieza de máscara CPAP, limpiador sin perfume y sin pelusa para limpiar filtros, tubos y máquinas BIPAP, 150 unidades en total, 2 botes"
"B09PHLPQHC","9.99","658.12","2026-04-21","CPAP - Correa universal para máscara CPAP, material elástico cómodo y duradero, color gris estándar (solo sombrero) (gris, 1 unidad)"
"B07WRT4SRX","16.99","891.53","2026-04-21","Impresa Almohadillas de gel nasales para máscara CPAP compatibles con máquinas AirSense 11 y suministros CPAP - 5 almohadillas de silicona para la nariz recortadas para adaptarse - Reduce la irritación y la comodidad del protector nasal"
"B08KHMD2MJ","18.99","958.22","2026-04-21","Snugell Toallitas para mascarilla CPAP de viaje sin perfume, 12 paquetes de 10 hojas cada una, 100% algodón suave, seguras para la piel con aloe vera, sin pelusa ni alcohol, limpieza perfecta para llevar y desinfectar, máscaras y dispositivos CPAP"
"B0CCZNCGMD","8","591.76","2026-04-21","Paquete de 2 adaptadores de enriquecimiento de oxígeno LifeSource, conector de oxígeno. Adaptador de tubo CPAP."
"B0FJMGTKN9","35","1492.08","2026-04-21","Soporte para manguera CPAP para cabecera - Soporte todo en metal con gancho de aluminio | Sin perforación de paredes | Se adapta a tubos ResMed/Philips/AirSense | Ayuda a mantener la"
"B08KHQY9DV","9.99","658.12","2026-04-21","Snugell Toallitas para mascarilla CPAP sin perfume, 110 unidades, 100% algodón suave, sin pelusa ni alcohol, fórmula segura para la piel con aloe vera, recipiente fácil de abrir, perfecto para limpiar"
"B0BXTPZVQF","18.49","941.55","2026-04-21","Snugell Correa de repuesto para máquinas CPAP de mascarilla completa ResMed AirFit F20 – Diadema de nailon elástico ultrasuave para un ajuste seguro y cómodo – Suministros CPAP – Paquete grande de 2 – Gris y Azul"
"B07Y3VHRLG","21.99","1058.26","2026-04-21","AWOW Toallitas CPAP perfumadas CPAP limpiador de máscara para mantenimiento diario de máscaras CPAP/BiPAP, 100% algodón seguro en máscaras CPAP, fragancia cítrica ligeramente perfumada, 62 toallitas"
"B0826Q74RT","18","925.21","2026-04-21","Correa ajustable para el arnés Airfit p10, 3 unidades, compatible con almohada Airfit ResMed Airfit, color azul y gris"
"B0753MDB86","18","925.21","2026-04-21","Care Touch Toallitas de limpieza para mascarillas CPAP – Perfumadas | 2 paquetes de 70 toallitas de limpieza perfumadas para máscaras CPAP (140 en total) | Fabricado en los Estados Unidos"
"B0CFKGQNH7","47.99","1925.23","2026-04-21","Cojín nasal de repuesto para Resmed Mirage Fx, accesorios de repuesto para máscara nasal CPAP para Mirage FX (estándar)"
"B0CTKB9NY5","129.99","4659.52","2026-04-21","Máscaras CPAP - Máscara de almohada nasal, máscara de nariz CPAP con arnés, máscara reutilizable para la apnea del sueño, incluye cojines pequeños, medianos y grandes"
"B0F83W5TXN","119.99","4326.07","2026-04-21","TMS Comfort Series - MÁSCARA nasal CPAP. Conjunto de Arnés de Repuesto para Máscara Nasal, cpap, máscara de cpap, Grande"
"B0GJ3ZMN6G","69.99","2658.82","2026-04-21","Repuesto para máscara de almohada nasal, sistema de marco de repuesto y actualizado para Airfit P10, incluye 3 almohadas de tamaño, cojines de silicona pequeños, medianos y grandes"
"B0FH6GMTKM","99.99","3659.17","2026-04-21","Máscaras CPAP de cara completa con casco, juego de máscaras de repuesto para F20, serie de máscaras nasales CPAP TMS Comfort. máscara CPAP, diseño cómodo, gran paquete de valor, grande"
"B0D9W4C9B6","69.99","2658.82","2026-04-21","Máscara CPAP de cara completa, kit de reemplazo de cubierta completa, máscara nasal CPAP serie Comfort, máscaras de Cpap incluye sombrero, cojín, marco y codo (L)"
"B0DMS6S2JS","8.99","624.77","2026-04-21","Paquete de 3 filtros universales, filtros en línea para tubos de 0.866 in, fibra de baja resistencia y alta pasabilidad"
"B0DL1WWPQ4","16","858.52","2026-04-21","Nispira Dreamstation CPAP - Paquete de 6 filtros virales universales en línea para máquinas ResMed, Dreamstation CPAP BiPAP, salida de tubería estándar, 0.866 in, salida de máquina de 0.984 in"
"B0BNJWZGF9","9.98","657.78","2026-04-21","Paquete de 20 filtros CPAP compatibles con ResMed AirSense 11 – Filtros de repuesto para Airsense 11 CPAP – Recambios de filtro ultrafino desechables"
"B0CZXS5H5K","19","958.56","2026-04-21","Filtros CPAP Dura Cleanse - Paquete de 60 filtros de repuesto premium para máquinas ResMed AirSense 11 y AirCurve 11 - Cumple con los requisitos de filtro OEM para suministros y accesorios de máquinas"
"B0D7QFW3LM","25.99","1191.64","2026-04-21","Filtros CPAP en línea Pap MD para máquinas CPAP | Aire limpio y comodidad mejorada, filtración de alta eficiencia para partículas y olores, paquete de 6 para suministro de 3 meses | Instrucciones en video (idioma español no garantizado)"
"B0BQSBKPSF","18.99","958.22","2026-04-21","Mars Wellness Manguera universal CPAP de 6 pies, fabricada en Estados Unidos, tubo universal compatible con la mayoría de máquinas (paquete de 2)"
"B0F92T5KVR","31.99","1391.71","2026-04-21","Secador de manguera CPAP para tubo universal de 22mm, ventilador soplador limpiador de tubo CPAP para tubos Resmed Airsense, fácil de usar y hace que el secado de las mangueras sea rápido, kit de"
"B0F4P7Q4WG","48.99","1958.57","2026-04-21","ZURNMED® Climate-Line Manguera CPAP, tubo Airsense 11 y AirCurve 11 (6.5 pies/6.6 ft) – 12 filtros de repuesto – Mangueras de repuesto flexibles y sin fugas para un sueño reparador (solo modelos S11)"
"B0DSM64Y1Z","49.99","1991.92","2026-04-21","Mars Wellness Tubo de Calefacción CPAP de 6 Pies - Compatible con Máquinas AirSense 10 y AirCurve 10 - Repuesto para ClimateLine, Manguera Flexible CPAP para Control de Clima y Prevención de"
"B01N4RGZ80","9.99","658.12","2026-04-21","Manguera CPAP universal premium, 72 pulgadas , 6 pies, 4332435943, sin cepillo, 1"
"B0F6KSRBVY","21.99","1058.26","2026-04-21","Vive CPAP - Toallitas para mascarilla, 330 unidades, sin perfume, sin alcohol, sin pelusa, limpiador de suministros de viaje BiPAP - Compatible con cara completa, máscaras nasales, resmed, Airsense"
"B0F673DYL4","15.99","858.19","2026-04-21","PAPMD Toallitas CPAP sin fragancia, paquete de 150 toallitas de viaje, tela gruesa sin pelusa para máscara, tubo y máquinas CPAP, humedad mejorada y diseño de fácil extracción"
"B0F67DXP5T","17.99","924.88","2026-04-21","CPAP - Toallitas para mascarilla, 240 unidades (2-120 recipientes), paquete jumbo, sin perfume, extra grande y húmedo, sin alcohol, sin pelusas, suministro de 3 a 5 meses para cuidado diario de máquinas CPAP y suministros"
"B0FNCXKW1N","14.46","807.17","2026-04-21","CPAP - Toallitas para máscara con aroma a cítricos, paquete súper jumbo de 160 unidades, extra grandes y húmedas, sin pelusas, sin alcohol, seguras para limpieza, toallitas de limpieza para manguera"
"B0DBY96B2Z","29.99","1325.02","2026-04-21","Toallitas para mascarilla CPAP (320 unidades) + 8 toallitas de limpieza de viaje grandes y húmedas de primera calidad para máscara | Suministros de limpieza CPAP más limpios, sin perfume"
"B0CXPDTD7B","12.49","741.48","2026-04-21","Casco para AirFit F20/AirTouch F20, 1 paquete de repuesto F20 con 2 pares de clips magnéticos"
"B0BXNNVKJG","13.99","791.50","2026-04-21","Amara View Arnés de Repuesto, Correa de Arnés Amara, Arnés para Máscara CPAP Amara View, Tamaño Estándar (Sin Máscara)"
"B0CN8YHT56","24.99","1158.29","2026-04-21","Amara View - Juego de 2 correas de repuesto CPAP para máscara facial completa Amara View, estándar (sin máscara)"
"B072ZSVG6Z","19.99","991.57","2026-04-21","Arnés de repuesto universal para máscara completa, pieza de repuesto para banda de cabeza de ventilador CPAP (sin máscara) (azul)"
"B0CQNXZZL2","26","1191.97","2026-04-21","Casco Airfit F20, paquete de 3 correas de repuesto para máscara CPAP, suministros CPAP para Airfit/AirTouch F20, grande (sin máscara)"
"B0G4Z9G8HX","32.99","1425.05","2026-04-21","AirFit F20 - Juego de cojín y marco de máscara - Incluye cojín grande para mascarilla, marco y clips - F20 máscaras faciales completas CPAP accesorios suministros (L)"
"B0FH6LLML2","99.99","3659.17","2026-04-21","Máscaras CPAP de cara completa con accesorio para la cabeza, juego de máscaras de repuesto para F20, TMS Comfort Series Nasal CPAP. Máscara CPP, kit de montaje de cubierta completa, codo y cojín, mediano"
"B0FMNRRYDP","149.99","5326.42","2026-04-21","TMS Comfort Series CPAP MASCARILLA, máscaras CPAP de cara completa con sombrero, suministros CPAP adecuados para la mayoría de modelos de máquinas, Comfort Series CPAP MASK, incluye codo y cojín"
"B0DHRSXN3G","21.1","1028.58","2026-04-21","Paquete de 2 accesorios de repuesto para casco CPAP para AirFit F20 y AirTouch F20, compatible con la máscara de cara completa F20, 4 clips magnéticos más fuertes y 2 correas, accesorio ajustable y"
"B084CYYZYK","86.99","3225.68","2026-04-21","ResMed Sistema de marco AirTouch F20 - Sistema de marco de repuesto con máscara de cara completa y codo - Equipo CPAP de alta calidad - Protector de cabeza no incluido - Grande"
"B0FLDHV2Y8","59.59","2312.03","2026-04-21","Máscara CPAP de cara completa, incluye sombrero, cojín, marco y codo/giratorio (M)"
"B0FMQT11X9","100","3659.50","2026-04-21","TMS Comfort Series - Máscara nasal CPAP de cara completa con sombrero, diseño antifugas para respiradores bucales, marco de ajuste cómodo con cojín de silicona avanzado, suministros CPAP de gran valor"
"B07P5T8ZKR","129","4626.51","2026-04-21","ResMed Sistema de marco AirTouch F20 - Sistema de marco de repuesto con máscara de cara completa y codo - Equipo CPAP de alta calidad - Protector de cabeza no incluido - Mediano"
"B0FQB365G3","57.77","2251.34","2026-04-21","CPAP - Máscara de almohada nasal, juego de almohadas nasales con arnés desmontable, marco, tubo y 3 tamaños diferentes de almohadas nasales (S, M, L)"
"B0F83QH34C","119.99","4326.07","2026-04-21","TMS Comfort Series Máscara Nasal CPAP. Conjunto de Arnés de Repuesto para Máscara Nasal, cpap, máscara cpap, Mediano"
"B0CHDVQ6PS","18","925.21","2026-04-21","Paquete de 2 correas de repuesto para máscara CPAP de almohada nasal N20, casco LALASTAR CPAP compatible con N20, diadema ajustable con clips, tamaño mediano"
"B0DQ5C7JSZ","57.99","2258.68","2026-04-21","Máscara CPAP, máscara nasal universal CPAP para dormir, suministros de CPAP reutilizable, silicona mejorada, suave sellado perfecto, máscaras faciales CPAP con sombrero, codo/giratorio, cojín"
"B0GCLS551K","58.99","2292.02","2026-04-21","Máscara nasal CPAP, máscara nasal de repuesto con sombrero, codo/giratorio, cojín, tubo, máscara de nariz de silicona suave y perfecta (L)"
"B0FY11FRX4","59.99","2325.37","2026-04-21","Suministros mejorados para Airfit N20, incluye correa para la cabeza, marco, cojín nasal (M), tacto nasal más suave para usuarios de Airtouch N20, sellado seguro y comodidad mejorada CPAP suministros de MEDICOLOR, mediano"
"B0DR98V7HM","25.99","1191.64","2026-04-21","Cojín de almohada nasal de repuesto para ResMed AirFit P10, elegible para FSA/HSA, compatible con el marco original Airfit P10, sello confiable y cojín de silicona de repuesto suave para máscara CPAP"
"B0FJFJ9SYC","99.99","3659.17","2026-04-21","Suministros de almohada nasal – Incluye 3 tamaños de almohadas nasales conjunto de máscara nasal – Incluye cojines pequeños, medianos, grandes – Incluye tubo, marco y correa"
"B0FD3R85TW","31.99","1391.71","2026-04-21","Paquete de 3 cojines nasales de repuesto para ResMed AirFit P10, silicona ultrasuave, mejor sellado, minimiza las fugas, reduce los puntos de presión, accesorios de suministros CPAP, tamaño mediano"
"B0DPM6156Y","29","1292.01","2026-04-21","Cojín de repuesto para mascarilla AirFit N20 de tamaño pequeño - 2 paquetes de cojines nasales de confort optimizado y sello seguro, compatibles con el marco original, accesorios y suministros de"
"B0DR98435N","24","1125.28","2026-04-21","Cojín de almohada nasal de repuesto para ResMed AirFit P10, elegible para FSA/HSA, compatible con el marco original Airfit P10, sello confiable y cojín de máscara CPAP de silicona suave de repuesto"
"B075MRSXLN","59","2292.36","2026-04-21","AirTouch™, F20, cojín, M, 1"
"B0DJ6P2H9V","54.96","2157.64","2026-04-21","AirFit F20 Juego de Arnés de Máscara de Repuesto - Incluye Cojín de Máscara Grande, Arnés, Marco y Clips - Suministros de Accesorios para Máscaras Faciales Completas F20 (L)"
"B0D7NG1V7M","124","4459.78","2026-04-21","Sistema de Marco de Repuesto ResMed AirFit F40 (Sin Casco) - Mediano"
